{
  "1": 0.15,
  "2": 0.17222222222222222,
  "3": 0.19444444444444442,
  "4": 0.21666666666666665,
  "5": 0.315,
  "6": 0.34,
  "7": 0.27,
  "8": 0.3055555555555556,
  "9": 0.3277777777777777,
  "10": 0.35
}
