{
  "1": 0.1,
  "2": 0.10740740740740741,
  "3": 0.11481481481481481,
  "4": 0.12222222222222223,
  "5": 0.12962962962962962,
  "6": 0.13703703703703704,
  "7": 0.14444444444444443,
  "8": 0.15185185185185185,
  "9": 0.15925925925925927,
  "10": 0.16666666666666666,
  "11": 0.17407407407407408,
  "12": 0.18148148148148147,
  "13": 0.18888888888888888,
  "14": 0.1962962962962963,
  "15": 0.2037037037037037,
  "16": 0.2111111111111111,
  "17": 0.2185185185185185,
  "18": 0.22592592592592592,
  "19": 0.25,
  "20": 0.24074074074074073,
  "21": 0.24814814814814815,
  "22": 0.25555555555555554,
  "23": 0.26296296296296295,
  "24": 0.27037037037037037,
  "25": 0.2777777777777778,
  "26": 0.2851851851851852,
  "27": 0.29259259259259257,
  "28": 0.3
}
